-- phpMyAdmin SQL Dump
-- version 4.5.1
-- http://www.phpmyadmin.net
--
-- Host: 127.0.0.1
-- Generation Time: Mar 01, 2018 at 12:05 AM
-- Server version: 10.1.13-MariaDB
-- PHP Version: 7.0.6

SET SQL_MODE = "NO_AUTO_VALUE_ON_ZERO";
SET time_zone = "+00:00";


/*!40101 SET @OLD_CHARACTER_SET_CLIENT=@@CHARACTER_SET_CLIENT */;
/*!40101 SET @OLD_CHARACTER_SET_RESULTS=@@CHARACTER_SET_RESULTS */;
/*!40101 SET @OLD_COLLATION_CONNECTION=@@COLLATION_CONNECTION */;
/*!40101 SET NAMES utf8mb4 */;

--
-- Database: `tokosayur`
--

-- --------------------------------------------------------

--
-- Table structure for table `kategori`
--

CREATE TABLE `kategori` (
  `id_kategori` int(11) NOT NULL,
  `nama_kategori` varchar(50) NOT NULL
) ENGINE=InnoDB DEFAULT CHARSET=latin1;

--
-- Dumping data for table `kategori`
--

INSERT INTO `kategori` (`id_kategori`, `nama_kategori`) VALUES
(1, 'Sayuran'),
(2, 'Buah'),
(3, 'Beras');

-- --------------------------------------------------------

--
-- Table structure for table `kendaraan`
--

CREATE TABLE `kendaraan` (
  `id_kendaraan` int(11) NOT NULL,
  `jenis_kendaraan` varchar(50) NOT NULL,
  `kapasitas` double NOT NULL,
  `nomor_kendaraan` varchar(15) NOT NULL,
  `id_driver` int(11) NOT NULL,
  `status` varchar(20) NOT NULL
) ENGINE=InnoDB DEFAULT CHARSET=latin1;

--
-- Dumping data for table `kendaraan`
--

INSERT INTO `kendaraan` (`id_kendaraan`, `jenis_kendaraan`, `kapasitas`, `nomor_kendaraan`, `id_driver`, `status`) VALUES
(1, 'Pickup L300', 5000, 'W 7064 UY', 2, 'Idle'),
(2, 'Sepeda Motor Vario', 500, 'W 7070 UY', 3, 'Idle');

-- --------------------------------------------------------

--
-- Table structure for table `migration`
--

CREATE TABLE `migration` (
  `version` varchar(180) NOT NULL,
  `apply_time` int(11) DEFAULT NULL
) ENGINE=InnoDB DEFAULT CHARSET=latin1;

--
-- Dumping data for table `migration`
--

INSERT INTO `migration` (`version`, `apply_time`) VALUES
('m000000_000000_base', 1513348067),
('m130524_201442_init', 1513348070);

-- --------------------------------------------------------

--
-- Table structure for table `petani`
--

CREATE TABLE `petani` (
  `id_petani` int(11) NOT NULL,
  `nama` varchar(50) NOT NULL,
  `no_telp` varchar(13) NOT NULL,
  `alamat` varchar(200) NOT NULL,
  `lat` decimal(10,8) NOT NULL,
  `lng` decimal(11,8) NOT NULL
) ENGINE=InnoDB DEFAULT CHARSET=latin1;

--
-- Dumping data for table `petani`
--

INSERT INTO `petani` (`id_petani`, `nama`, `no_telp`, `alamat`, `lat`, `lng`) VALUES
(14, 'Bambang', '081234567890', 'Jl. Gili I No.20, Nyamplungan, Pabean Cantian, Kota SBY, Jawa Timur 60162, Indonesia', '-7.24515188', '112.73492459'),
(15, 'Suro', '081322436946', 'Jl. Mrutu Kalianyar No.137-139, Wonokusumo, Semampir, Kota SBY, Jawa Timur 60154, Indonesia', '-7.21228456', '112.75929451'),
(16, 'Bagus', '081234567890', 'Lakarsantri Gg. I A No.13, Lakarsantri, Kota SBY, Jawa Timur 60211, Indonesia', '-7.30219567', '112.63458252'),
(17, 'Sadad', '081322436946', 'Jl. Dupak Rukun No.97, Asem Rowo, Asemrowo, Kota SBY, Jawa Timur 60182, Indonesia', '-7.33318357', '112.76744843'),
(18, 'Aldy', '081234567890', ' Jl. Upa Jiwa III No.39, Ngagel, Wonokromo, Kota SBY, Jawa Timur 60246, Indonesia', '-7.28807941', '112.74748260'),
(19, 'Faiz', '081234567890', 'Jl. Raya Bandara Juanda No.12, Sedati Agung, Sedati, Kabupaten Sidoarjo, Jawa Timur 61253, Indonesia', '-7.38027352', '112.75443489'),
(20, 'Danang', '081234567890', 'Gg. Dahlia Jl. Tambak Asri No.132, Morokrembangan, Krembangan, Kota SBY, Jawa Timur 60178, Indonesia', '-7.23750504', '112.70903045');

-- --------------------------------------------------------

--
-- Table structure for table `product`
--

CREATE TABLE `product` (
  `id_product` int(11) NOT NULL,
  `nama` varchar(50) NOT NULL,
  `deskripsi` text NOT NULL,
  `harga` int(11) NOT NULL,
  `berat` double NOT NULL,
  `id_kategori` int(11) NOT NULL,
  `stock` int(11) NOT NULL,
  `terjual` int(11) DEFAULT NULL,
  `image` varchar(200) NOT NULL
) ENGINE=InnoDB DEFAULT CHARSET=latin1;

--
-- Dumping data for table `product`
--

INSERT INTO `product` (`id_product`, `nama`, `deskripsi`, `harga`, `berat`, `id_kategori`, `stock`, `terjual`, `image`) VALUES
(1, 'Bawang Merah', 'Bawang Merah @250gram', 5000, 1000, 1, 0, 0, ''),
(2, 'Bawang Putih', 'Bawang Putih @250gram', 4300, 1000, 1, 0, 0, ''),
(3, 'Cabai Merah', 'Cabai Merah @250gram', 10000, 250, 1, 0, 0, ''),
(4, 'Tomat', 'Tomat @250gram', 10000, 250, 1, 0, 0, '4_Tomat.jpg'),
(5, 'Beras Cap Pak Tani', 'Beras Punel 5Kg Cap Pak Tani', 70000, 5000, 3, 0, 0, '');

-- --------------------------------------------------------

--
-- Table structure for table `rute_pickup`
--

CREATE TABLE `rute_pickup` (
  `id_rute` int(11) NOT NULL,
  `id_kendaraan` int(11) NOT NULL,
  `id_driver` int(11) NOT NULL,
  `jumlah_kromosom` int(11) NOT NULL,
  `jumlah_generasi` int(11) NOT NULL,
  `crossover_rate` float NOT NULL,
  `mutation_rate` float NOT NULL,
  `berat` double NOT NULL,
  `rute` varchar(250) NOT NULL,
  `total_jarak` double NOT NULL,
  `fitness_history` text NOT NULL,
  `status` varchar(30) NOT NULL
) ENGINE=InnoDB DEFAULT CHARSET=latin1;

--
-- Dumping data for table `rute_pickup`
--

INSERT INTO `rute_pickup` (`id_rute`, `id_kendaraan`, `id_driver`, `jumlah_kromosom`, `jumlah_generasi`, `crossover_rate`, `mutation_rate`, `berat`, `rute`, `total_jarak`, `fitness_history`, `status`) VALUES
(32, 1, 2, 5, 25, 0.75, 0.25, 875, '[15,14,16,19,17,18]', 48.003223964483, '[0.017274497588737,0.017274497588737,0.017274497588737,0.017274497588737,0.017274497588737,0.017274497588737,0.017274497588737,0.019805033909728,0.020321725545599,0.020321725545599,0.020321725545599,0.020321725545599,0.020831934137171,0.020831934137171,0.020831934137171,0.020831934137171,0.020831934137171,0.020831934137171,0.020831934137171,0.020831934137171,0.020831934137171,0.020831934137171,0.020831934137171,0.020831934137171,0.020831934137171]', 'Released'),
(33, 1, 2, 2, 100, 0.75, 0.25, 875, '[16,19,17,18,14,15]', 39.712891557246, '[0.016904888115468,0.016904888115468,0.016904888115468,0.016904888115468,0.016904888115468,0.016904888115468,0.016904888115468,0.016904888115468,0.016904888115468,0.016904888115468,0.020006001952294,0.020006001952294,0.020006001952294,0.020006001952294,0.020006001952294,0.020006001952294,0.020006001952294,0.020006001952294,0.020006001952294,0.020006001952294,0.020006001952294,0.020006001952294,0.020006001952294,0.020006001952294,0.020006001952294,0.020006001952294,0.020006001952294,0.020006001952294,0.020006001952294,0.020006001952294,0.020006001952294,0.020006001952294,0.020006001952294,0.020006001952294,0.020006001952294,0.020006001952294,0.020006001952294,0.020006001952294,0.020006001952294,0.020006001952294,0.020006001952294,0.020006001952294,0.020006001952294,0.020006001952294,0.020006001952294,0.020006001952294,0.020006001952294,0.020006001952294,0.020006001952294,0.020006001952294,0.020006001952294,0.020006001952294,0.020006001952294,0.020006001952294,0.020006001952294,0.020006001952294,0.020006001952294,0.020006001952294,0.020006001952294,0.020006001952294,0.020006001952294,0.020006001952294,0.020006001952294,0.020006001952294,0.0224641717344,0.0224641717344,0.0224641717344,0.0224641717344,0.025180740076771,0.025180740076771,0.025180740076771,0.025180740076771,0.025180740076771,0.025180740076771,0.025180740076771,0.025180740076771,0.025180740076771,0.025180740076771,0.025180740076771,0.025180740076771,0.025180740076771,0.025180740076771,0.025180740076771,0.025180740076771,0.025180740076771,0.025180740076771,0.025180740076771,0.025180740076771,0.025180740076771,0.025180740076771,0.025180740076771,0.025180740076771,0.025180740076771,0.025180740076771,0.025180740076771,0.025180740076771,0.025180740076771,0.025180740076771,0.025180740076771,0.025180740076771]', 'Released'),
(34, 1, 2, 3, 50, 0.75, 0.25, 875, '[16,19,17,18,14,15]', 39.712891557246, '[0.016904888115468,0.016904888115468,0.018538795047097,0.018538795047097,0.022335662570104,0.022335662570104,0.022335662570104,0.022335662570104,0.022335662570104,0.022335662570104,0.022335662570104,0.022335662570104,0.022335662570104,0.022335662570104,0.022335662570104,0.022335662570104,0.022335662570104,0.022335662570104,0.022335662570104,0.022335662570104,0.025180740076771,0.025180740076771,0.025180740076771,0.025180740076771,0.025180740076771,0.025180740076771,0.025180740076771,0.025180740076771,0.025180740076771,0.025180740076771,0.025180740076771,0.025180740076771,0.025180740076771,0.025180740076771,0.025180740076771,0.025180740076771,0.025180740076771,0.025180740076771,0.025180740076771,0.025180740076771,0.025180740076771,0.025180740076771,0.025180740076771,0.025180740076771,0.025180740076771,0.025180740076771,0.025180740076771,0.025180740076771,0.025180740076771,0.025180740076771]', 'Released'),
(36, 1, 2, 3, 50, 0.75, 0.25, 5875, '[18,19,17,16,14,15]', 46.302059223923, '[0.016904888115468,0.016904888115468,0.016904888115468,0.016904888115468,0.016904888115468,0.018538795047097,0.018538795047097,0.018957527084702,0.018957527084702,0.018957527084702,0.018957527084702,0.018957527084702,0.018957527084702,0.018957527084702,0.018957527084702,0.018957527084702,0.018957527084702,0.018957527084702,0.018959093438798,0.018959093438798,0.018959093438798,0.018959093438798,0.020125677081588,0.020125677081588,0.020125677081588,0.020125677081588,0.021397066612207,0.021397066612207,0.021397066612207,0.021397066612207,0.021397066612207,0.021397066612207,0.021397066612207,0.021397066612207,0.021397066612207,0.021397066612207,0.021397066612207,0.021397066612207,0.021397066612207,0.021397066612207,0.021397066612207,0.021397066612207,0.021397066612207,0.021397066612207,0.021397066612207,0.021597311583139,0.021597311583139,0.021597311583139,0.021597311583139,0.021597311583139]', 'Released'),
(37, 1, 2, 3, 50, 0.75, 0.25, 5875, '[16,19,17,18,14,15]', 39.712891557246, '[0.020006001952294,0.020006001952294,0.020006001952294,0.020006001952294,0.0224641717344,0.0224641717344,0.0224641717344,0.0224641717344,0.0224641717344,0.0224641717344,0.0224641717344,0.0224641717344,0.0224641717344,0.0224641717344,0.0224641717344,0.0224641717344,0.0224641717344,0.0224641717344,0.0224641717344,0.0224641717344,0.0224641717344,0.0224641717344,0.0224641717344,0.0224641717344,0.0224641717344,0.0224641717344,0.0224641717344,0.0224641717344,0.0224641717344,0.0224641717344,0.0224641717344,0.0224641717344,0.0224641717344,0.0224641717344,0.0224641717344,0.0224641717344,0.0224641717344,0.0224641717344,0.025180740076771,0.025180740076771,0.025180740076771,0.025180740076771,0.025180740076771,0.025180740076771,0.025180740076771,0.025180740076771,0.025180740076771,0.025180740076771,0.025180740076771,0.025180740076771]', 'Released'),
(38, 1, 2, 3, 70, 0.75, 0.25, 5875, '[15,16,19,17,18,14]', 40.110710165732, '[0.016904888115468,0.016904888115468,0.016904888115468,0.016904888115468,0.017481779785014,0.017481779785014,0.018538795047097,0.018538795047097,0.018957527084702,0.018957527084702,0.018957527084702,0.018957527084702,0.018957527084702,0.019177145900183,0.019177145900183,0.019177145900183,0.019177145900183,0.019177145900183,0.019177145900183,0.020959868966717,0.020959868966717,0.020959868966717,0.020959868966717,0.020959868966717,0.020959868966717,0.020959868966717,0.020959868966717,0.020959868966717,0.020959868966717,0.020959868966717,0.020959868966717,0.020959868966717,0.020959868966717,0.020959868966717,0.02264876599209,0.02264876599209,0.02264876599209,0.02264876599209,0.02264876599209,0.024930997129399,0.024930997129399,0.024930997129399,0.024930997129399,0.024930997129399,0.024930997129399,0.024930997129399,0.024930997129399,0.024930997129399,0.024930997129399,0.024930997129399,0.024930997129399,0.024930997129399,0.024930997129399,0.024930997129399,0.024930997129399,0.024930997129399,0.024930997129399,0.024930997129399,0.024930997129399,0.024930997129399,0.024930997129399,0.024930997129399,0.024930997129399,0.024930997129399,0.024930997129399,0.024930997129399,0.024930997129399,0.024930997129399,0.024930997129399,0.024930997129399]', 'Released'),
(39, 1, 2, 5, 100, 0.75, 0.25, 5875, '[16,15,14,18,19,17]', 46.769104561476, '[0.018570221937557,0.018570221937557,0.019208557606543,0.019208557606543,0.019208557606543,0.019208557606543,0.019208557606543,0.019208557606543,0.019226360841661,0.019226360841661,0.019226360841661,0.019226360841661,0.019226360841661,0.019226360841661,0.019226360841661,0.019226360841661,0.019226360841661,0.019226360841661,0.019226360841661,0.019226360841661,0.019226360841661,0.019226360841661,0.019226360841661,0.019226360841661,0.019226360841661,0.021102975046578,0.021102975046578,0.021275410475974,0.021275410475974,0.021275410475974,0.021275410475974,0.021275410475974,0.021275410475974,0.021275410475974,0.021275410475974,0.021275410475974,0.021275410475974,0.021275410475974,0.021275410475974,0.021284149816114,0.021381636646166,0.021381636646166,0.021381636646166,0.021381636646166,0.021381636646166,0.021381636646166,0.021381636646166,0.021381636646166,0.021381636646166,0.021381636646166,0.021381636646166,0.021381636646166,0.021381636646166,0.021381636646166,0.021381636646166,0.021381636646166,0.021381636646166,0.021381636646166,0.021381636646166,0.021381636646166,0.021381636646166,0.021381636646166,0.021381636646166,0.021381636646166,0.021381636646166,0.021381636646166,0.021381636646166,0.021381636646166,0.021381636646166,0.021381636646166,0.021381636646166,0.021381636646166,0.021381636646166,0.021381636646166,0.021381636646166,0.021381636646166,0.021381636646166,0.021381636646166,0.021381636646166,0.021381636646166,0.021381636646166,0.021381636646166,0.021381636646166,0.021381636646166,0.021381636646166,0.021381636646166,0.021381636646166,0.021381636646166,0.021381636646166,0.021381636646166,0.021381636646166,0.021381636646166,0.021381636646166,0.021381636646166,0.021381636646166,0.021381636646166,0.021381636646166,0.021381636646166,0.021381636646166,0.021381636646166]', 'Released'),
(40, 1, 2, 10, 100, 0.75, 0.25, 5900, '[15,16,20,14,18,19,17]', 48.293545839246, '[0.017843465988745,0.020594111480778,0.020594111480778,0.020594111480778,0.020594111480778,0.020607059371591,0.0207067007117,0.0207067007117,0.0207067007117,0.0207067007117,0.0207067007117,0.0207067007117,0.0207067007117,0.0207067007117,0.0207067007117,0.0207067007117,0.0207067007117,0.0207067007117,0.0207067007117,0.0207067007117,0.0207067007117,0.0207067007117,0.0207067007117,0.0207067007117,0.0207067007117,0.0207067007117,0.0207067007117,0.0207067007117,0.0207067007117,0.0207067007117,0.0207067007117,0.0207067007117,0.0207067007117,0.0207067007117,0.0207067007117,0.0207067007117,0.0207067007117,0.0207067007117,0.0207067007117,0.0207067007117,0.0207067007117,0.0207067007117,0.0207067007117,0.0207067007117,0.0207067007117,0.0207067007117,0.0207067007117,0.0207067007117,0.0207067007117,0.0207067007117,0.0207067007117,0.0207067007117,0.0207067007117,0.0207067007117,0.0207067007117,0.0207067007117,0.0207067007117,0.0207067007117,0.0207067007117,0.0207067007117,0.0207067007117,0.0207067007117,0.0207067007117,0.0207067007117,0.0207067007117,0.0207067007117,0.0207067007117,0.0207067007117,0.0207067007117,0.0207067007117,0.0207067007117,0.0207067007117,0.0207067007117,0.0207067007117,0.0207067007117,0.0207067007117,0.0207067007117,0.0207067007117,0.0207067007117,0.0207067007117,0.0207067007117,0.0207067007117,0.0207067007117,0.0207067007117,0.0207067007117,0.0207067007117,0.0207067007117,0.0207067007117,0.0207067007117,0.0207067007117,0.0207067007117,0.0207067007117,0.0207067007117,0.0207067007117,0.0207067007117,0.0207067007117,0.0207067007117,0.0207067007117,0.0207067007117,0.0207067007117]', 'Released'),
(41, 1, 2, 5, 150, 0.75, 0.25, 5900, '[15,16,20,14,19,17,18]', 48.507760256427, '[0.017470887851908,0.017470887851908,0.017470887851908,0.017470887851908,0.017470887851908,0.017470887851908,0.017470887851908,0.017470887851908,0.017470887851908,0.017470887851908,0.017470887851908,0.017631462185158,0.017631462185158,0.017631462185158,0.017631462185158,0.017631462185158,0.017631462185158,0.01764646086488,0.01764646086488,0.01764646086488,0.019299258532558,0.019299258532558,0.019299258532558,0.019299258532558,0.019299258532558,0.019299258532558,0.019299258532558,0.019299258532558,0.019299258532558,0.019299258532558,0.019299258532558,0.019299258532558,0.019299258532558,0.019299258532558,0.019299258532558,0.019299258532558,0.019299258532558,0.019299258532558,0.019299258532558,0.019299258532558,0.019299258532558,0.019299258532558,0.019299258532558,0.019299258532558,0.019299258532558,0.019299258532558,0.019299258532558,0.019299258532558,0.019299258532558,0.020615258150731,0.020615258150731,0.020615258150731,0.020615258150731,0.020615258150731,0.020615258150731,0.020615258150731,0.020615258150731,0.020615258150731,0.020615258150731,0.020615258150731,0.020615258150731,0.020615258150731,0.020615258150731,0.020615258150731,0.020615258150731,0.020615258150731,0.020615258150731,0.020615258150731,0.020615258150731,0.020615258150731,0.020615258150731,0.020615258150731,0.020615258150731,0.020615258150731,0.020615258150731,0.020615258150731,0.020615258150731,0.020615258150731,0.020615258150731,0.020615258150731,0.020615258150731,0.020615258150731,0.020615258150731,0.020615258150731,0.020615258150731,0.020615258150731,0.020615258150731,0.020615258150731,0.020615258150731,0.020615258150731,0.020615258150731,0.020615258150731,0.020615258150731,0.020615258150731,0.020615258150731,0.020615258150731,0.020615258150731,0.020615258150731,0.020615258150731,0.020615258150731,0.020615258150731,0.020615258150731,0.020615258150731,0.020615258150731,0.020615258150731,0.020615258150731,0.020615258150731,0.020615258150731,0.020615258150731,0.020615258150731,0.020615258150731,0.020615258150731,0.020615258150731,0.020615258150731,0.020615258150731,0.020615258150731,0.020615258150731,0.020615258150731,0.020615258150731,0.020615258150731,0.020615258150731,0.020615258150731,0.020615258150731,0.020615258150731,0.020615258150731,0.020615258150731,0.020615258150731,0.020615258150731,0.020615258150731,0.020615258150731,0.020615258150731,0.020615258150731,0.020615258150731,0.020615258150731,0.020615258150731,0.020615258150731,0.020615258150731,0.020615258150731,0.020615258150731,0.020615258150731,0.020615258150731,0.020615258150731,0.020615258150731,0.020615258150731,0.020615258150731,0.020615258150731,0.020615258150731,0.020615258150731,0.020615258150731,0.020615258150731]', 'Released'),
(42, 1, 2, 10, 50, 0.75, 0.25, 5900, '[18,15,14,20,16,19,17]', 50.456842675241, '[0.017624502290896,0.017624502290896,0.017624502290896,0.019818917454593,0.019818917454593,0.019818917454593,0.019818917454593,0.019818917454593,0.019818917454593,0.019818917454593,0.019818917454593,0.019818917454593,0.019818917454593,0.019818917454593,0.019818917454593,0.019818917454593,0.019818917454593,0.019818917454593,0.019818917454593,0.019818917454593,0.019818917454593,0.019818917454593,0.019818917454593,0.019818917454593,0.019818917454593,0.019818917454593,0.019818917454593,0.019818917454593,0.019818917454593,0.019818917454593,0.019818917454593,0.019818917454593,0.019818917454593,0.019818917454593,0.019818917454593,0.019818917454593,0.019818917454593,0.019818917454593,0.019818917454593,0.019818917454593,0.019818917454593,0.019818917454593,0.019818917454593,0.019818917454593,0.019818917454593,0.019818917454593,0.019818917454593,0.019818917454593,0.019818917454593,0.019818917454593]', 'Released'),
(43, 1, 2, 10, 100, 0.75, 0.25, 5900, '[15,16,19,17,18,20,14]', 45.16417269146, '[0.019060518167407,0.019060518167407,0.019194741719933,0.019194741719933,0.019194741719933,0.019194741719933,0.019194741719933,0.019194741719933,0.019194741719933,0.019194741719933,0.019194741719933,0.019194741719933,0.019194741719933,0.019194741719933,0.019194741719933,0.019194741719933,0.019416278408482,0.019416278408482,0.019416278408482,0.019416278408482,0.019416278408482,0.019416278408482,0.022141443989941,0.022141443989941,0.022141443989941,0.022141443989941,0.022141443989941,0.022141443989941,0.022141443989941,0.022141443989941,0.022141443989941,0.022141443989941,0.022141443989941,0.022141443989941,0.022141443989941,0.022141443989941,0.022141443989941,0.022141443989941,0.022141443989941,0.022141443989941,0.022141443989941,0.022141443989941,0.022141443989941,0.022141443989941,0.022141443989941,0.022141443989941,0.022141443989941,0.022141443989941,0.022141443989941,0.022141443989941,0.022141443989941,0.022141443989941,0.022141443989941,0.022141443989941,0.022141443989941,0.022141443989941,0.022141443989941,0.022141443989941,0.022141443989941,0.022141443989941,0.022141443989941,0.022141443989941,0.022141443989941,0.022141443989941,0.022141443989941,0.022141443989941,0.022141443989941,0.022141443989941,0.022141443989941,0.022141443989941,0.022141443989941,0.022141443989941,0.022141443989941,0.022141443989941,0.022141443989941,0.022141443989941,0.022141443989941,0.022141443989941,0.022141443989941,0.022141443989941,0.022141443989941,0.022141443989941,0.022141443989941,0.022141443989941,0.022141443989941,0.022141443989941,0.022141443989941,0.022141443989941,0.022141443989941,0.022141443989941,0.022141443989941,0.022141443989941,0.022141443989941,0.022141443989941,0.022141443989941,0.022141443989941,0.022141443989941,0.022141443989941,0.022141443989941,0.022141443989941]', 'Released'),
(44, 1, 2, 2, 100, 0.75, 0.25, 5900, '[16,19,17,18,20,14,15]', 44.766354082974, '[0.014523006273372,0.016773036827015,0.016773036827015,0.016773036827015,0.016773036827015,0.016773036827015,0.016773036827015,0.016773036827015,0.018122155048139,0.018122155048139,0.018122155048139,0.018122155048139,0.018122155048139,0.018122155048139,0.018122155048139,0.018122155048139,0.018122155048139,0.018122155048139,0.018122155048139,0.018122155048139,0.018122155048139,0.018122155048139,0.018122155048139,0.018122155048139,0.018122155048139,0.018122155048139,0.018122155048139,0.018122155048139,0.018122155048139,0.018122155048139,0.018122155048139,0.018122155048139,0.018122155048139,0.018122155048139,0.018122155048139,0.018122155048139,0.018122155048139,0.018122155048139,0.018122155048139,0.018122155048139,0.018122155048139,0.018122155048139,0.018122155048139,0.019694929997851,0.019694929997851,0.019694929997851,0.019694929997851,0.019694929997851,0.019694929997851,0.019694929997851,0.019694929997851,0.020173983773887,0.020173983773887,0.020173983773887,0.022338205120446,0.022338205120446,0.022338205120446,0.022338205120446,0.022338205120446,0.022338205120446,0.022338205120446,0.022338205120446,0.022338205120446,0.022338205120446,0.022338205120446,0.022338205120446,0.022338205120446,0.022338205120446,0.022338205120446,0.022338205120446,0.022338205120446,0.022338205120446,0.022338205120446,0.022338205120446,0.022338205120446,0.022338205120446,0.022338205120446,0.022338205120446,0.022338205120446,0.022338205120446,0.022338205120446,0.022338205120446,0.022338205120446,0.022338205120446,0.022338205120446,0.022338205120446,0.022338205120446,0.022338205120446,0.022338205120446,0.022338205120446,0.022338205120446,0.022338205120446,0.022338205120446,0.022338205120446,0.022338205120446,0.022338205120446,0.022338205120446,0.022338205120446,0.022338205120446,0.022338205120446]', 'Released'),
(45, 1, 2, 2, 200, 0.75, 0.25, 5900, '[16,19,17,18,14,20,15]', 44.369555383303, '[0.014946746320285,0.016012483260114,0.016012483260114,0.016012483260114,0.016012483260114,0.016012483260114,0.016012483260114,0.016012483260114,0.016012483260114,0.016012483260114,0.016012483260114,0.016012483260114,0.016012483260114,0.016012483260114,0.016012483260114,0.01656235837307,0.01656235837307,0.01656235837307,0.01656235837307,0.01656235837307,0.01656235837307,0.016772573629243,0.016772573629243,0.016772573629243,0.016772573629243,0.016772573629243,0.016772573629243,0.016772573629243,0.016772573629243,0.016772573629243,0.016772573629243,0.016772573629243,0.016772573629243,0.016772573629243,0.016772573629243,0.016772573629243,0.016772573629243,0.016772573629243,0.016772573629243,0.016772573629243,0.016772573629243,0.016772573629243,0.016772573629243,0.016772573629243,0.016772573629243,0.020392777906229,0.020392777906229,0.020392777906229,0.020392777906229,0.020392777906229,0.020392777906229,0.020392777906229,0.020392777906229,0.020392777906229,0.020392777906229,0.020392777906229,0.020392777906229,0.020392777906229,0.020392777906229,0.020392777906229,0.020392777906229,0.020392777906229,0.020392777906229,0.020392777906229,0.020392777906229,0.020392777906229,0.020392777906229,0.020392777906229,0.021846489281275,0.021846489281275,0.021846489281275,0.021846489281275,0.021846489281275,0.021846489281275,0.021846489281275,0.021846489281275,0.021846489281275,0.021846489281275,0.021846489281275,0.021846489281275,0.021846489281275,0.021846489281275,0.021846489281275,0.021846489281275,0.021846489281275,0.021846489281275,0.021846489281275,0.021846489281275,0.021846489281275,0.021846489281275,0.021846489281275,0.021846489281275,0.021846489281275,0.021846489281275,0.021846489281275,0.021846489281275,0.021846489281275,0.021846489281275,0.021846489281275,0.022279829831078,0.022279829831078,0.022279829831078,0.022279829831078,0.022279829831078,0.022279829831078,0.022279829831078,0.022279829831078,0.022279829831078,0.022279829831078,0.022279829831078,0.022279829831078,0.022279829831078,0.022279829831078,0.022279829831078,0.022279829831078,0.022279829831078,0.022279829831078,0.022279829831078,0.022279829831078,0.022279829831078,0.022279829831078,0.022279829831078,0.022279829831078,0.022279829831078,0.022279829831078,0.022279829831078,0.022279829831078,0.022279829831078,0.022279829831078,0.022279829831078,0.022279829831078,0.022279829831078,0.022279829831078,0.022279829831078,0.022279829831078,0.022279829831078,0.022279829831078,0.022279829831078,0.022279829831078,0.022279829831078,0.022279829831078,0.022279829831078,0.022279829831078,0.022279829831078,0.022279829831078,0.022279829831078,0.022279829831078,0.022279829831078,0.022279829831078,0.022279829831078,0.022537976577884,0.022537976577884,0.022537976577884,0.022537976577884,0.022537976577884,0.022537976577884,0.022537976577884,0.022537976577884,0.022537976577884,0.022537976577884,0.022537976577884,0.022537976577884,0.022537976577884,0.022537976577884,0.022537976577884,0.022537976577884,0.022537976577884,0.022537976577884,0.022537976577884,0.022537976577884,0.022537976577884,0.022537976577884,0.022537976577884,0.022537976577884,0.022537976577884,0.022537976577884,0.022537976577884,0.022537976577884,0.022537976577884,0.022537976577884,0.022537976577884,0.022537976577884,0.022537976577884,0.022537976577884,0.022537976577884,0.022537976577884,0.022537976577884,0.022537976577884,0.022537976577884,0.022537976577884,0.022537976577884,0.022537976577884,0.022537976577884,0.022537976577884,0.022537976577884,0.022537976577884,0.022537976577884,0.022537976577884,0.022537976577884,0.022537976577884]', 'Released'),
(46, 1, 2, 4, 200, 0.75, 0.25, 5900, '[16,19,17,18,14,20,15]', 44.369555383303, '[0.014523006273372,0.014523006273372,0.014523006273372,0.014523006273372,0.014523006273372,0.014523006273372,0.014569707091879,0.014973900490668,0.015506361338195,0.016968680914543,0.016968680914543,0.016968680914543,0.016968680914543,0.016968680914543,0.016968680914543,0.01901390219333,0.01901390219333,0.01901390219333,0.01901390219333,0.01901390219333,0.01901390219333,0.01901390219333,0.01901390219333,0.01901390219333,0.01901390219333,0.01901390219333,0.01901390219333,0.01901390219333,0.01901390219333,0.01901390219333,0.01901390219333,0.01901390219333,0.01901390219333,0.01901390219333,0.01901390219333,0.01901390219333,0.01901390219333,0.01901390219333,0.019292927727816,0.019292927727816,0.020887399351471,0.021846489281275,0.021846489281275,0.021846489281275,0.021846489281275,0.022279829831078,0.022279829831078,0.022279829831078,0.022279829831078,0.022279829831078,0.022279829831078,0.022279829831078,0.022279829831078,0.022279829831078,0.022279829831078,0.022279829831078,0.022279829831078,0.022279829831078,0.022279829831078,0.022279829831078,0.022279829831078,0.022279829831078,0.022279829831078,0.022279829831078,0.022279829831078,0.022279829831078,0.022279829831078,0.022279829831078,0.022279829831078,0.022279829831078,0.022279829831078,0.022279829831078,0.022279829831078,0.022279829831078,0.022279829831078,0.022279829831078,0.022279829831078,0.022279829831078,0.022279829831078,0.022279829831078,0.022279829831078,0.022279829831078,0.022279829831078,0.022279829831078,0.022279829831078,0.022279829831078,0.022279829831078,0.022279829831078,0.022279829831078,0.022279829831078,0.022279829831078,0.022279829831078,0.022279829831078,0.022279829831078,0.022279829831078,0.022279829831078,0.022279829831078,0.022279829831078,0.022279829831078,0.022279829831078,0.022279829831078,0.022279829831078,0.022279829831078,0.022279829831078,0.022279829831078,0.022279829831078,0.022279829831078,0.022279829831078,0.022279829831078,0.022279829831078,0.022279829831078,0.022279829831078,0.022279829831078,0.022279829831078,0.022279829831078,0.022279829831078,0.022279829831078,0.022279829831078,0.022279829831078,0.022279829831078,0.022279829831078,0.022279829831078,0.022279829831078,0.022279829831078,0.022537976577884,0.022537976577884,0.022537976577884,0.022537976577884,0.022537976577884,0.022537976577884,0.022537976577884,0.022537976577884,0.022537976577884,0.022537976577884,0.022537976577884,0.022537976577884,0.022537976577884,0.022537976577884,0.022537976577884,0.022537976577884,0.022537976577884,0.022537976577884,0.022537976577884,0.022537976577884,0.022537976577884,0.022537976577884,0.022537976577884,0.022537976577884,0.022537976577884,0.022537976577884,0.022537976577884,0.022537976577884,0.022537976577884,0.022537976577884,0.022537976577884,0.022537976577884,0.022537976577884,0.022537976577884,0.022537976577884,0.022537976577884,0.022537976577884,0.022537976577884,0.022537976577884,0.022537976577884,0.022537976577884,0.022537976577884,0.022537976577884,0.022537976577884,0.022537976577884,0.022537976577884,0.022537976577884,0.022537976577884,0.022537976577884,0.022537976577884,0.022537976577884,0.022537976577884,0.022537976577884,0.022537976577884,0.022537976577884,0.022537976577884,0.022537976577884,0.022537976577884,0.022537976577884,0.022537976577884,0.022537976577884,0.022537976577884,0.022537976577884,0.022537976577884,0.022537976577884,0.022537976577884,0.022537976577884,0.022537976577884,0.022537976577884,0.022537976577884,0.022537976577884,0.022537976577884,0.022537976577884,0.022537976577884,0.022537976577884,0.022537976577884]', 'Released');

-- --------------------------------------------------------

--
-- Table structure for table `supply`
--

CREATE TABLE `supply` (
  `id_supply` int(11) NOT NULL,
  `id_product` int(11) NOT NULL,
  `id_petani` int(11) NOT NULL,
  `harga` int(11) NOT NULL,
  `berat` double NOT NULL,
  `jumlah` int(11) NOT NULL,
  `total_berat` double NOT NULL,
  `tanggal` date NOT NULL,
  `status` varchar(20) NOT NULL
) ENGINE=InnoDB DEFAULT CHARSET=latin1;

--
-- Dumping data for table `supply`
--

INSERT INTO `supply` (`id_supply`, `id_product`, `id_petani`, `harga`, `berat`, `jumlah`, `total_berat`, `tanggal`, `status`) VALUES
(16, 2, 14, 3300, 1000, 1500, 1500, '2018-02-25', 'Released'),
(17, 4, 17, 2300, 250, 500, 125, '2018-02-25', 'Released'),
(18, 5, 19, 65000, 5000, 500, 2500, '2018-02-25', 'Released'),
(19, 3, 15, 6800, 250, 500, 125, '2018-02-25', 'Released'),
(20, 4, 16, 3500, 250, 500, 125, '2018-02-25', 'Released'),
(21, 1, 18, 3800, 1000, 1500, 1500, '2018-02-25', 'Released'),
(22, 4, 20, 3500, 250, 100, 25, '2018-02-26', 'Released');

-- --------------------------------------------------------

--
-- Table structure for table `user`
--

CREATE TABLE `user` (
  `id` int(11) NOT NULL,
  `username` varchar(255) COLLATE utf8_unicode_ci NOT NULL,
  `auth_key` varchar(32) COLLATE utf8_unicode_ci NOT NULL,
  `password_hash` varchar(255) COLLATE utf8_unicode_ci NOT NULL,
  `password_reset_token` varchar(255) COLLATE utf8_unicode_ci DEFAULT NULL,
  `email` varchar(255) COLLATE utf8_unicode_ci NOT NULL,
  `status` smallint(6) NOT NULL DEFAULT '10',
  `role` int(1) NOT NULL,
  `created_at` int(11) NOT NULL,
  `updated_at` int(11) NOT NULL
) ENGINE=InnoDB DEFAULT CHARSET=utf8 COLLATE=utf8_unicode_ci;

--
-- Dumping data for table `user`
--

INSERT INTO `user` (`id`, `username`, `auth_key`, `password_hash`, `password_reset_token`, `email`, `status`, `role`, `created_at`, `updated_at`) VALUES
(1, 'tonyhendra', 'pX8lqqLodOm4urMeiONAEgV4uRgQGNUs', '$2y$13$8mG8fdnPlwx8aBTqyDBSY.jp3pCRPccFc9Ed3JR2gysPt3Nq25gz2', NULL, 'tonyhendra0@gmail.com', 10, 1, 1513348180, 1513348180),
(2, 'bambang', 'b8aXB-Kk_73SYWm0R2Vz3xolvPgkeKy-', '$2y$13$lgce0CdykW2MIFcH1nyVvuwCmfpOj8eenpLk4K/FqM2tHXHRm57M.', NULL, 'bambang@gmail.com', 10, 2, 1513696436, 1513696436),
(3, 'Alfa', 'rJhiP46sfNIpe0NDf7fhxzd2R_4QsZOZ', '$2y$13$0qD2lvtrp9V9dfywxm3yie6kELw9Po6xzEm8Gj1cJsQKkD2ZHfJqK', NULL, 'alfa@gmail.com', 10, 2, 1514300856, 1514300856);

-- --------------------------------------------------------

--
-- Table structure for table `user_details`
--

CREATE TABLE `user_details` (
  `username` varchar(100) NOT NULL,
  `nama` varchar(200) NOT NULL,
  `jenis_kelamin` varchar(20) NOT NULL,
  `tanggal_lahir` date NOT NULL,
  `no_hp` varchar(15) NOT NULL
) ENGINE=InnoDB DEFAULT CHARSET=latin1;

--
-- Dumping data for table `user_details`
--

INSERT INTO `user_details` (`username`, `nama`, `jenis_kelamin`, `tanggal_lahir`, `no_hp`) VALUES
('Alfa', 'Alfa', 'Laki-Laki', '1995-02-21', '085647052939'),
('bambang', 'Bambang', 'Laki-Laki', '1996-06-25', '085728576040'),
('tonyhendra', 'Tony Hendra', 'Laki-Laki', '2017-12-04', '081322436946');

--
-- Indexes for dumped tables
--

--
-- Indexes for table `kategori`
--
ALTER TABLE `kategori`
  ADD PRIMARY KEY (`id_kategori`);

--
-- Indexes for table `kendaraan`
--
ALTER TABLE `kendaraan`
  ADD PRIMARY KEY (`id_kendaraan`);

--
-- Indexes for table `migration`
--
ALTER TABLE `migration`
  ADD PRIMARY KEY (`version`);

--
-- Indexes for table `petani`
--
ALTER TABLE `petani`
  ADD PRIMARY KEY (`id_petani`);

--
-- Indexes for table `product`
--
ALTER TABLE `product`
  ADD PRIMARY KEY (`id_product`);

--
-- Indexes for table `rute_pickup`
--
ALTER TABLE `rute_pickup`
  ADD PRIMARY KEY (`id_rute`);

--
-- Indexes for table `supply`
--
ALTER TABLE `supply`
  ADD PRIMARY KEY (`id_supply`);

--
-- Indexes for table `user`
--
ALTER TABLE `user`
  ADD PRIMARY KEY (`id`),
  ADD UNIQUE KEY `username` (`username`),
  ADD UNIQUE KEY `email` (`email`),
  ADD UNIQUE KEY `password_reset_token` (`password_reset_token`);

--
-- Indexes for table `user_details`
--
ALTER TABLE `user_details`
  ADD PRIMARY KEY (`username`);

--
-- AUTO_INCREMENT for dumped tables
--

--
-- AUTO_INCREMENT for table `kategori`
--
ALTER TABLE `kategori`
  MODIFY `id_kategori` int(11) NOT NULL AUTO_INCREMENT, AUTO_INCREMENT=4;
--
-- AUTO_INCREMENT for table `kendaraan`
--
ALTER TABLE `kendaraan`
  MODIFY `id_kendaraan` int(11) NOT NULL AUTO_INCREMENT, AUTO_INCREMENT=3;
--
-- AUTO_INCREMENT for table `petani`
--
ALTER TABLE `petani`
  MODIFY `id_petani` int(11) NOT NULL AUTO_INCREMENT, AUTO_INCREMENT=21;
--
-- AUTO_INCREMENT for table `product`
--
ALTER TABLE `product`
  MODIFY `id_product` int(11) NOT NULL AUTO_INCREMENT, AUTO_INCREMENT=6;
--
-- AUTO_INCREMENT for table `rute_pickup`
--
ALTER TABLE `rute_pickup`
  MODIFY `id_rute` int(11) NOT NULL AUTO_INCREMENT, AUTO_INCREMENT=47;
--
-- AUTO_INCREMENT for table `supply`
--
ALTER TABLE `supply`
  MODIFY `id_supply` int(11) NOT NULL AUTO_INCREMENT, AUTO_INCREMENT=23;
--
-- AUTO_INCREMENT for table `user`
--
ALTER TABLE `user`
  MODIFY `id` int(11) NOT NULL AUTO_INCREMENT, AUTO_INCREMENT=4;
/*!40101 SET CHARACTER_SET_CLIENT=@OLD_CHARACTER_SET_CLIENT */;
/*!40101 SET CHARACTER_SET_RESULTS=@OLD_CHARACTER_SET_RESULTS */;
/*!40101 SET COLLATION_CONNECTION=@OLD_COLLATION_CONNECTION */;
